"Indicator","Country","2007_value","2007_notes","2007_source","2008_value","2008_notes","2008_source","2009_value","2009_notes","2009_source","2010_value","2010_notes","2010_source","2011_value","2011_notes","2011_source","2012_value","2012_notes","2012_source","2013_value","2013_notes","2013_source","2014_value","2014_notes","2014_source","2015_value","2015_notes","2015_source","2016_value","2016_notes","2016_source","2017_value","2017_notes","2017_source","2018_value","2018_notes","2018_source","2019_value","2019_notes","2019_source"
"Active mobile-broadband subscriptions per 100 inhabitants","Afghanistan","0.00","","","0.00","","","","","","0.00","","","","","","","","","1.18","","","3.00","","","5.55","","","13.20","","","15.70","","","18.82","","","19.22","",""
"Active mobile-broadband subscriptions per 100 inhabitants","Albania","","","","","","","0.00","","","0.00","","","9.67","","","22.28","","","30.86","","","33.95","","","44.88","","","58.42","","","70.42","","","62.79","","","62.10","",""
"Active mobile-broadband subscriptions per 100 inhabitants","Algeria","","","","","","","0.00","","","0.00","","","0.00","","","0.00","","","0.00","","","21.33","","","41.08","","","65.79","","","78.26","","","81.65","","","95.99","",""
"Active mobile-broadband subscriptions per 100 inhabitants","American Samoa","","","","","","","","","","","","","","","","","","","","","","","","","","","","","","","","","","","","","","",""
"Active mobile-broadband subscriptions per 100 inhabitants","Andorra","","","","","","","","","","0.00","","","","","","","","","33.77","","","37.01","","","43.70","","","50.46","","","55.61","","","60.44","","","","",""
"Active mobile-broadband subscriptions per 100 inhabitants","Angola","","","","","","","0.53","","","1.16","","","1.69","","","6.64","","","9.99","","","13.48","","","14.40","","","13.96","","","14.60","","","18.89","","","21.18","",""
"Active mobile-broadband subscriptions per 100 inhabitants","Anguilla","","","","","","","","","","0.00","","","0.00","","","0.00","","","","","","","","","","","","","","","","","","","","","","",""
"Active mobile-broadband subscriptions per 100 inhabitants","Antigua and Barbuda","","","","0.00","","","0.00","","","0.00","","","0.00","","","12.96","","","29.88","","","32.41","","","33.13","","","43.37","","","50.30","","","","","","","",""
"Active mobile-broadband subscriptions per 100 inhabitants","Argentina","","","","","","","","","","4.94","","","17.00","","","16.13","","","31.52","","","52.58","","","76.73","","","","","","80.65","","","","","","","",""
"Active mobile-broadband subscriptions per 100 inhabitants","Armenia","","","","","","","6.44","","","12.25","","","27.88","","","29.77","","","31.86","","","35.04","","","41.18","","","54.90","","","66.47","","","75.87","","","82.67","",""
"Active mobile-broadband subscriptions per 100 inhabitants","Aruba","","","","","","","","","","0.00","","","","","","20.48","","ITU estimate.","","","","","","","","","","","","","","","","","","","","",""
"Active mobile-broadband subscriptions per 100 inhabitants","Ascension","","","","","","","","","","","","","","","","","","","","","","","","","","","","","","","","","","","","","","",""
"Active mobile-broadband subscriptions per 100 inhabitants","Australia","","","","","","","","","","56.09","","","80.35","","","96.29","","","110.92","","","114.54","","","126.44","","","130.01","","","134.15","","","129.60","","","129.92","",""
"Active mobile-broadband subscriptions per 100 inhabitants","Austria","7.30","","","11.63","","","29.33","","","32.82","","","45.65","","","55.84","","","63.88","","","66.50","","","69.50","","","86.72","","","97.25","","","103.37","","","107.38","",""
"Active mobile-broadband subscriptions per 100 inhabitants","Azerbaijan","","","","0.00","","","0.22","","","5.07","","","7.55","","","28.66","","","44.06","","","61.52","","","60.86","","","56.15","","","56.68","","","59.59","","","62.06","",""
"Active mobile-broadband subscriptions per 100 inhabitants","Bahamas","","","","","","","0.00","","","0.00","","","0.00","","","2.75","","ITU estimate.","9.53","","","41.26","","","48.82","","","53.10","","","68.26","","","81.53","","","93.02","",""
"Active mobile-broadband subscriptions per 100 inhabitants","Bahrain","0.51","","","1.48","","","1.59","","","3.67","","","9.89","","","83.16","Break in comparability: including all categories of mobile broadband.","","111.40","","","126.95","","","130.62","","","156.98","","","145.89","","","129.57","","","122.58","",""
"Active mobile-broadband subscriptions per 100 inhabitants","Bangladesh","","","","","","","0.00","","","0.03","","","0.17","","","0.20","","","1.94","","","13.73","","","16.12","","","27.92","","","31.68","","","41.27","","","52.79","",""
"Active mobile-broadband subscriptions per 100 inhabitants","Barbados","","","","0.00","","","0.00","","","0.00","","","0.00","","","35.25","","","41.51","","","43.89","","","55.28","","","45.17","","","45.37","","","59.94","","","42.23","",""
"Active mobile-broadband subscriptions per 100 inhabitants","Belarus","","","","","","","","","","12.74","","","19.19","","","33.23","","","45.62","","","54.25","","","60.65","","","67.78","","","76.37","","","86.34","","","89.47","",""
"Active mobile-broadband subscriptions per 100 inhabitants","Belgium","","","","3.42","","","5.66","","","9.51","","","18.90","","","32.82","","","51.28","","","57.39","","","61.48","","","65.88","","","75.21","","","75.78","","","86.98","",""
"Active mobile-broadband subscriptions per 100 inhabitants","Belize","","","","","","","0.00","","","0.00","","","","","","0.12","","","1.97","","","9.76","","","11.68","","","50.33","","","38.02","","","43.00","","","43.90","",""
"Active mobile-broadband subscriptions per 100 inhabitants","Benin","","","","","","","0.00","","","0.00","","","0.00","","","0.00","","","1.53","","","2.93","","","4.36","","","8.11","","","12.05","","","19.80","","","21.46","",""
"Active mobile-broadband subscriptions per 100 inhabitants","Bermuda","","","","","","","","","","0.00","","","","","","","","","","","","7.88","","","","","","6.66","","","11.09","","","","","","","",""
"Active mobile-broadband subscriptions per 100 inhabitants","Bhutan","","","","","","","0.06","","","0.29","","","1.01","","","2.66","","","16.57","","","29.99","","","49.87","","","74.08","","","94.65","","","101.64","","","99.90","",""
"Active mobile-broadband subscriptions per 100 inhabitants","Bolivia (Plurinational State of)","0.35","","","0.59","","","0.75","","","1.04","","","2.78","","","6.63","","","14.05","","","12.32","","","34.33","","","55.84","","","75.52","","","79.87","","","83.03","",""
"Active mobile-broadband subscriptions per 100 inhabitants","Bosnia and Herzegovina","","","","","","","1.65","","","5.51","","","9.46","","","11.29","","","24.08","","","30.50","","","37.30","","","42.07","","","45.37","","","55.38","","","47.27","",""
"Active mobile-broadband subscriptions per 100 inhabitants","Botswana","","","","","","","","","","1.51","","","","","","","","","42.59","","","48.55","","","65.52","","","65.25","","","69.52","","","77.60","","","88.44","",""
"Active mobile-broadband subscriptions per 100 inhabitants","Brazil","","","","1.81","","","4.47","","","10.54","","","20.82","","","33.09","","","51.29","","","77.87","","","88.27","","","89.11","","","90.87","","","88.11","","","88.16","",""
"Active mobile-broadband subscriptions per 100 inhabitants","British Virgin Islands","","","","","","","0.00","","","0.00","","","0.00","","","0.00","","","46.29","","","81.59","","","119.89","","","","","","","","","","","","","",""
"Active mobile-broadband subscriptions per 100 inhabitants","Brunei Darussalam","0.00","","","","","","","","","3.29","","","4.08","","","94.94","","","91.78","","","94.53","","","98.00","","","120.47","","","125.61","","","130.01","","","148.11","",""
"Active mobile-broadband subscriptions per 100 inhabitants","Bulgaria","","","","","","","1.91","","","34.76","","","39.80","","","47.81","","","57.60","","","65.70","","","80.31","","","87.14","","","91.35","","","101.01","","","105.61","",""
"Active mobile-broadband subscriptions per 100 inhabitants","Burkina Faso","","","","","","","0.00","","","0.00","","","0.00","","","0.00","","","8.88","","","9.46","","","15.12","","","19.64","","","28.82","","","29.91","","","31.70","",""
"Active mobile-broadband subscriptions per 100 inhabitants","Burundi","","","","","","","0.00","","","0.00","","","0.00","less than 0.01 subscriptions per 100 inhabitants.","","0.00","less than 0.01 subscriptions per 100 inhabitants.","","","","","0.57","","","8.05","","","8.67","","","12.62","","","11.44","","","11.14","",""
"Active mobile-broadband subscriptions per 100 inhabitants","Cabo Verde","","","","","","","0.00","","","0.00","","","3.01","","","22.54","","","41.57","","","49.81","","","67.39","","","67.60","","","71.05","","","66.83","","","76.54","",""
"Active mobile-broadband subscriptions per 100 inhabitants","Cambodia","","","","","","","","","","1.05","","","2.20","","","6.77","","","9.64","","","31.34","","","43.23","","","50.75","","","66.85","","","82.82","","","96.44","",""
"Active mobile-broadband subscriptions per 100 inhabitants","Cameroon","","","","0.00","","","0.00","","","0.00","","","0.00","","","0.00","","","0.00","","","0.31","","","4.29","","","10.29","","","17.35","","","14.03","","","14.63","",""
"Active mobile-broadband subscriptions per 100 inhabitants","Canada","","","","","","","","","","29.36","","","38.18","","","40.95","","","49.85","","","54.06","","","61.16","","","68.64","","","71.96","","","76.39","","","82.70","",""
"Active mobile-broadband subscriptions per 100 inhabitants","Cayman Islands","","","","","","","","","","","","","","","","","","","","","","","","","","","","","","","","","","","","","","",""
"Active mobile-broadband subscriptions per 100 inhabitants","Central African Rep.","","","","","","","0.00","","","0.00","","","0.00","","","0.00","","","","","","1.33","","","2.75","","","3.54","","","4.81","","","5.32","","","5.03","",""
"Active mobile-broadband subscriptions per 100 inhabitants","Chad","","","","","","","0.00","","","0.00","","","0.00","","","0.00","","","0.00","","","0.48","","","1.33","","","","","","3.49","","","3.96","","","2.98","",""
"Active mobile-broadband subscriptions per 100 inhabitants","Chile","","","","","","","3.55","","","8.46","","","18.00","","","28.35","","","35.69","","","50.12","","","55.97","","","70.92","","","86.26","","","91.58","","","97.66","",""
"Active mobile-broadband subscriptions per 100 inhabitants","China","","","","0.00","","","0.91","","","3.44","","","9.33","","","16.82","","","21.26","","","41.63","","","55.30","","","68.85","","","82.88","","","93.46","","","96.72","",""
"Active mobile-broadband subscriptions per 100 inhabitants","Cocos Keeling Islands","","","","","","","","","","","","","","","","","","","","","","","","","","","","","","","","","","","","","","",""
"Active mobile-broadband subscriptions per 100 inhabitants","Colombia","","","","0.35","","","2.05","","","2.46","","","6.66","","","15.18","","","25.94","","","46.94","","","42.70","","","47.34","","","48.96","","","52.32","","","58.67","",""
"Active mobile-broadband subscriptions per 100 inhabitants","Comoros","","","","","","","0.00","","","0.00","","","0.00","","","0.00","","","0.00","","","0.00","","","0.00","","","0.00","","","57.62","","","59.95","","","9.46","",""
"Active mobile-broadband subscriptions per 100 inhabitants","Congo (Rep. of the)","","","","0.00","","","0.00","","","0.00","","","0.46","","","1.95","","","10.07","","","","","","","","","","","","6.05","","","","","","","",""
"Active mobile-broadband subscriptions per 100 inhabitants","Cook Islands","","","","","","","0.00","","","0.00","","","0.00","","","0.00","","","0.28","","","","","","","","","","","","74.26","","","","","","","",""
"Active mobile-broadband subscriptions per 100 inhabitants","Costa Rica","","","","0.00","","","0.00","","","7.38","","","34.30","","","56.96","","","75.87","","","89.47","","","100.29","","","88.50","","","96.75","","","101.80","","","92.40","",""
"Active mobile-broadband subscriptions per 100 inhabitants","Croatia","","","","3.64","","","5.81","","","7.59","","","47.09","","","53.37","","","65.54","","","68.79","","","73.50","","","77.30","","","79.78","","","79.45","","","82.10","",""
"Active mobile-broadband subscriptions per 100 inhabitants","Cuba","","","","0.00","","","0.00","","","0.00","","","0.00","","","0.00","","","0.00","","","0.00","","","0.00","","","0.00","","","0.00","","","14.27","","","18.17","",""
"Active mobile-broadband subscriptions per 100 inhabitants","Curacao","","","","","","","","","","0.00","","","","","","5.24","","","6.38","","","44.19","","","46.92","","","55.88","","","55.20","","","49.95","","","65.70","",""
"Active mobile-broadband subscriptions per 100 inhabitants","Cyprus","","","","","","","","","","38.72","","","39.86","","","44.03","","","42.73","","","57.34","","","75.25","","","96.13","","","104.67","","","111.20","","","118.70","",""
"Active mobile-broadband subscriptions per 100 inhabitants","Czech Republic","","","","","","","19.44","","","33.97","","","43.24","","","43.88","","","52.91","","","67.64","","","73.19","","","80.33","","","81.81","","","87.98","","","92.51","",""
"Active mobile-broadband subscriptions per 100 inhabitants","Côte d'Ivoire","","","","","","","0.00","","","0.00","","","0.00","","","","","","13.58","","","22.56","","","37.04","","","43.49","","","53.59","","","61.60","","","66.19","",""
"Active mobile-broadband subscriptions per 100 inhabitants","Dem. People's Rep. of Korea","","","","","","","","","","0.00","","","","","","","","","","","","","","","12.87","","","14.25","","","14.98","","","","","","","",""
"Active mobile-broadband subscriptions per 100 inhabitants","Dem. Rep. of the Congo","","","","","","","0.00","","","0.00","","","0.00","","","0.94","","","3.04","","","7.46","","","7.92","","","13.17","","","16.21","","","15.89","","","19.53","",""
"Active mobile-broadband subscriptions per 100 inhabitants","Denmark","6.09","","","19.19","","","29.60","","","63.83","","","83.31","","","96.99","","","101.81","","","109.22","","","117.07","","","122.71","","","129.51","","","140.00","","","138.03","",""
"Active mobile-broadband subscriptions per 100 inhabitants","Djibouti","","","","","","","0.00","","","0.00","","","0.00","","","0.00","","","1.30","","","3.19","","","5.47","","","11.15","","","19.76","","","20.60","","","23.62","",""
"Active mobile-broadband subscriptions per 100 inhabitants","Dominica","","","","0.00","","","0.00","","","0.00","","","0.00","","","0.00","","","0.00","","","29.84","","","43.09","","","41.98","","","72.98","","","93.91","","","","",""
"Active mobile-broadband subscriptions per 100 inhabitants","Dominican Rep.","0.42","","","0.44","","","1.05","","","2.51","","","7.90","","","15.73","","","26.30","","","31.16","","","41.04","","","50.97","","","56.33","","","63.74","","","67.20","",""
"Active mobile-broadband subscriptions per 100 inhabitants","Ecuador","","","","","","","","","","8.81","","","9.93","","","21.33","","","26.32","","","30.93","","","35.12","","","46.63","","","52.47","","","54.69","","","53.74","",""
"Active mobile-broadband subscriptions per 100 inhabitants","Egypt","","","","","","","11.07","","","16.03","","","23.48","","","26.09","","","32.56","","","40.11","","","46.42","","","47.90","","","50.69","","","53.92","","","59.34","",""
"Active mobile-broadband subscriptions per 100 inhabitants","El Salvador","","","","","","","1.78","","","2.33","","","3.59","","","5.54","","","9.79","","","18.70","","","20.26","","","36.04","","","55.80","","","54.53","","","","",""
"Active mobile-broadband subscriptions per 100 inhabitants","Equatorial Guinea","","","","0.00","","","0.00","","","0.00","","","0.00","","","0.00","","","0.00","","","0.00","","","0.03","","","","","","0.03","","","0.14","","","","",""
"Active mobile-broadband subscriptions per 100 inhabitants","Eritrea","","","","","","","0.00","","","0.00","","","0.00","","","0.00","","","0.00","","","0.00","","","0.00","","","0.00","","","0.00","","","","","","","",""
"Active mobile-broadband subscriptions per 100 inhabitants","Estonia","","","","","","","","","","24.20","","","42.37","","","73.45","","","91.43","","","114.11","","","109.92","","","121.23","","","132.37","","","146.72","","","157.62","",""
"Active mobile-broadband subscriptions per 100 inhabitants","Eswatini","","","","","","","0.00","","","0.28","","","0.75","","","","","","2.79","","","9.22","","","14.49","","","15.18","","","15.91","","","","","","","",""
"Active mobile-broadband subscriptions per 100 inhabitants","Ethiopia","","","","","","","0.09","","","0.13","","","0.27","","","3.99","","","4.72","","","7.43","","","3.60","","","5.17","","","13.90","","","","","","","",""
"Active mobile-broadband subscriptions per 100 inhabitants","Falkland (Malvinas) Is.","","","","","","","0.00","","","0.00","","","0.00","","","0.00","","","0.00","","","0.00","","","","","","","","","","","","","","","","",""
"Active mobile-broadband subscriptions per 100 inhabitants","Faroe Islands","","","","","","","","","","","","","","","","","","","","","","","","","","","","88.15","","","93.13","","","99.21","","","","",""
"Active mobile-broadband subscriptions per 100 inhabitants","Fiji","","","","","","","0.03","","","0.82","","","4.05","","","10.95","","","54.42","","","43.26","","","49.50","","","55.94","","","133.72","","","147.52","","","","",""
"Active mobile-broadband subscriptions per 100 inhabitants","Finland","","","","9.02","","","71.28","","","84.28","","","87.02","","","106.30","","","123.18","","","138.02","","","143.45","","","143.15","","","153.14","","","154.46","","","154.91","",""
"Active mobile-broadband subscriptions per 100 inhabitants","France","9.52","","","18.39","","","28.30","","","36.43","","","43.89","","","51.60","","","57.20","","","66.77","","","75.27","","","81.75","","","86.75","","","91.37","","","96.99","",""
"Active mobile-broadband subscriptions per 100 inhabitants","French Guiana","","","","","","","","","","","","","","","","","","","","","","","","","","","","","","","","","","","","","","",""
"Active mobile-broadband subscriptions per 100 inhabitants","French Polynesia","","","","0.15","","","0.30","","","1.71","","","3.20","","","3.42","","","4.46","","","7.01","","","27.06","","","49.51","","","57.57","","","65.67","","","","",""
"Active mobile-broadband subscriptions per 100 inhabitants","Gabon","","","","","","","0.00","","","0.00","","","0.00","","","0.00","","","0.00","","","14.33","","","32.68","","","82.19","","","82.44","","","91.82","","","94.30","",""
"Active mobile-broadband subscriptions per 100 inhabitants","Gambia","","","","","","","0.23","","","0.45","","","0.49","","","1.17","","","2.36","","","7.59","","","12.71","","","20.11","","","25.66","","","36.76","","","","",""
"Active mobile-broadband subscriptions per 100 inhabitants","Georgia","","","","","","","","","","5.98","","","7.05","","","8.32","","","31.16","","","37.46","","","53.98","","","61.78","","","65.06","","","73.68","","","79.85","",""
"Active mobile-broadband subscriptions per 100 inhabitants","Germany","11.32","","","16.78","","","23.49","","","26.23","","","35.37","","","41.62","","","45.58","","","64.58","","","71.49","","","76.76","","","79.25","","","82.56","","","86.52","",""
"Active mobile-broadband subscriptions per 100 inhabitants","Ghana","","","","","","","","","","6.75","","","22.64","","","32.72","","","38.80","","","58.06","","","64.75","","","69.33","","","80.87","","","91.75","","","99.90","",""
"Active mobile-broadband subscriptions per 100 inhabitants","Gibraltar","","","","","","","","","","","","","","","","8.85","","","","","","29.65","","","29.64","","","29.64","","","99.36","","","89.17","","","95.69","",""
"Active mobile-broadband subscriptions per 100 inhabitants","Greece","","","","","","","12.54","","","25.59","","","31.34","","","35.48","","","37.37","","","42.61","","","47.64","","","56.03","","","66.94","","","81.38","","","87.10","",""
"Active mobile-broadband subscriptions per 100 inhabitants","Greenland","0.00","","","","","","0.00","","","0.98","","","2.50","","","4.93","","","","","","","","","","","","","","","4.32","","","3.38","","","2.95","",""
"Active mobile-broadband subscriptions per 100 inhabitants","Grenada","","","","","","","0.00","","","0.00","","","0.00","","","0.00","","","0.83","","","2.54","","","28.00","","","31.97","","","32.92","","","58.04","","","","",""
"Active mobile-broadband subscriptions per 100 inhabitants","Guadeloupe","","","","","","","","","","","","","","","","","","","","","","","","","","","","","","","","","","","","","","",""
"Active mobile-broadband subscriptions per 100 inhabitants","Guam","","","","","","","","","","","","","","","","","","","","","","","","","","","","","","","","","","","","","","",""
"Active mobile-broadband subscriptions per 100 inhabitants","Guatemala","","","","","","","2.03","","","3.62","","","4.01","","","4.45","","","4.91","","","9.40","","","10.08","","","13.93","","","16.45","","","","","","","",""
"Active mobile-broadband subscriptions per 100 inhabitants","Guernsey","","","","","","","","","","","","","","","","","","","","","","","","","","","","","","","","","","","","","","",""
"Active mobile-broadband subscriptions per 100 inhabitants","Guinea","","","","","","","0.00","","","0.00","","","0.00","","","0.00","","","1.38","","","11.68","","","15.04","","","","","","","","","23.83","","","23.17","",""
"Active mobile-broadband subscriptions per 100 inhabitants","Guinea-Bissau","","","","","","","0.00","","","0.00","","","0.00","","","0.00","","","0.00","","","0.00","","","0.00","","","7.08","","","8.62","","","17.72","","","36.71","",""
"Active mobile-broadband subscriptions per 100 inhabitants","Guyana","","","","","","","0.00","","","0.00","","","0.00","","","0.00","","","0.00","","","0.24","","","0.24","","","0.24","","","26.38","","","","","","","",""
"Active mobile-broadband subscriptions per 100 inhabitants","Haiti","","","","0.00","","","0.00","","","0.00","","","0.00","","","","","","","","","0.15","","","0.16","","","10.20","","","28.21","","","29.98","","","27.18","",""
"Active mobile-broadband subscriptions per 100 inhabitants","Honduras","","","","","","","","","","1.20","","","3.90","","","7.86","","","10.79","","","15.08","","","15.93","","","20.87","","","24.04","","","32.12","","","51.80","",""
"Active mobile-broadband subscriptions per 100 inhabitants","Hong Kong, China","","","","","","","34.20","","","39.35","","","56.15","","","84.00","","","97.22","","","109.97","","","109.11","","","106.39","","","128.23","","","155.41","","","145.55","",""
"Active mobile-broadband subscriptions per 100 inhabitants","Hungary","1.90","","","3.66","","","6.17","","","7.83","","","17.33","","","23.29","","","26.64","","","34.48","","","50.82","","","56.97","","","63.14","","","67.81","","","71.89","",""
"Active mobile-broadband subscriptions per 100 inhabitants","Iceland","","","","15.71","","","30.62","","","45.30","","","57.14","","","70.42","","","75.20","","","86.49","","","95.26","","","106.53","","","116.15","","","121.45","","","123.23","",""
"Active mobile-broadband subscriptions per 100 inhabitants","India","","","","","","","0.00","","","0.00","","","0.94","","","1.73","","","3.14","","","5.40","","","9.16","","","16.41","","","25.77","","","37.50","","","47.04","",""
"Active mobile-broadband subscriptions per 100 inhabitants","Indonesia","","","","","","","0.70","","","18.53","","","21.94","","","23.01","","","24.04","","","34.40","","","41.61","","","33.86","","","95.78","","","87.15","","","81.21","",""
"Active mobile-broadband subscriptions per 100 inhabitants","Iran (Islamic Republic of)","","","","","","","0.00","","","0.00","","","0.00","","","0.36","","","1.24","","","10.85","","","20.27","","","34.15","","","68.60","","","68.21","","","80.24","",""
"Active mobile-broadband subscriptions per 100 inhabitants","Iraq","","","","","","","","","","0.00","","","","","","","","","","","","3.63","","","3.57","","","16.50","","","33.47","","","39.83","","","42.06","",""
"Active mobile-broadband subscriptions per 100 inhabitants","Ireland","","","","","","","50.27","","","48.25","","","58.54","","","63.84","","","67.33","","","81.87","","","96.57","","","101.47","","","102.15","","","103.80","","","105.30","",""
"Active mobile-broadband subscriptions per 100 inhabitants","Israel","","","","","","","","","","32.67","","","40.98","","","53.18","","","52.55","","","51.95","","","83.98","","","92.49","","","106.14","","","113.34","","","115.03","",""
"Active mobile-broadband subscriptions per 100 inhabitants","Italy","","","","13.73","","","17.39","","","38.54","","","45.27","","","50.75","","","62.26","","","71.35","","","82.90","","","83.45","","","86.05","","","89.89","","","92.20","",""
"Active mobile-broadband subscriptions per 100 inhabitants","Jamaica","","","","","","","","","","1.44","","","","","","","","","29.95","","","37.80","","","52.07","","","54.69","","","48.35","","","51.19","","","55.31","",""
"Active mobile-broadband subscriptions per 100 inhabitants","Japan","","","","","","","77.94","","","86.83","","","102.39","","","111.37","","","116.17","","","122.20","","","127.17","","","131.11","","","180.92","","","193.28","","","202.97","",""
"Active mobile-broadband subscriptions per 100 inhabitants","Jersey","","","","","","","","","","","","","","","","","","","","","","","","","","","","","","","","","","","","","","",""
"Active mobile-broadband subscriptions per 100 inhabitants","Jordan","0.00","","","0.00","","","0.00","","","0.09","","","4.07","","","8.55","","","57.21","","","56.23","","","68.88","","","71.92","","","85.16","","","87.62","","","77.00","",""
"Active mobile-broadband subscriptions per 100 inhabitants","Kazakhstan","","","","","","","","","","22.77","","","37.75","","","41.04","","","55.25","","","57.01","","","69.72","","","74.88","","","77.12","","","73.58","","","90.34","",""
"Active mobile-broadband subscriptions per 100 inhabitants","Kenya","","","","","","","","","","0.20","","","0.42","","","2.14","","","5.14","","","8.73","","","14.86","","","25.58","","","33.70","","","41.92","","","41.08","",""
"Active mobile-broadband subscriptions per 100 inhabitants","Kiribati","","","","","","","0.00","","","0.00","","","0.00","","","0.00","","","0.00","","","","","","","","","","","","11.01","","","12.10","","","39.08","",""
"Active mobile-broadband subscriptions per 100 inhabitants","Korea (Rep. of)","","","","71.84","","","86.44","","","95.51","","","102.11","","","102.92","","","103.07","","","106.21","","","107.36","","","109.28","","","112.51","","","113.62","","","114.90","",""
"Active mobile-broadband subscriptions per 100 inhabitants","Kosovo","","","","","","","","","","","","","","","","","","","","","","","","","","","","","","","","","","","","","","",""
"Active mobile-broadband subscriptions per 100 inhabitants","Kuwait","","","","","","","","","","58.10","","","","","","","","","131.04","","","131.78","","","134.93","","","145.68","","","129.80","","","131.06","","","131.79","",""
"Active mobile-broadband subscriptions per 100 inhabitants","Kyrgyzstan","","","","","","","","","","0.51","","","4.68","","","18.61","","","23.41","","","25.66","","","29.67","","","43.99","","","71.96","","","94.03","","","122.93","",""
"Active mobile-broadband subscriptions per 100 inhabitants","Lao P.D.R.","","","","","","","","","","0.07","","","0.56","","","1.33","","","2.60","","","6.78","","","14.75","","","36.18","","","39.43","","","42.01","","","48.59","",""
"Active mobile-broadband subscriptions per 100 inhabitants","Latvia","2.58","","","10.90","","","18.25","","","29.26","","ITU estimate.","40.24","","","55.33","","ITU estimate.","62.30","","","61.84","","","68.18","","","76.19","","","116.04","","","130.23","","","132.83","",""
"Active mobile-broadband subscriptions per 100 inhabitants","Lebanon","","","","","","","0.00","","","0.00","","","8.26","","","23.25","","","34.11","","","42.44","","","44.64","","","47.40","","","45.74","","","45.25","","","42.81","",""
"Active mobile-broadband subscriptions per 100 inhabitants","Lesotho","","","","","","","","","","1.88","","","","","","7.58","","","7.57","","","26.12","","","40.37","","","38.13","","","51.84","","","57.43","","","64.05","",""
"Active mobile-broadband subscriptions per 100 inhabitants","Liberia","","","","0.00","","","0.00","","","0.01","","","0.01","","","0.02","","","1.75","","","3.44","","","5.28","","","10.10","","","11.70","","","","","","","",""
"Active mobile-broadband subscriptions per 100 inhabitants","Libya","","","","","","","","","","","","","","","","","","","","","","","","","31.25","","","34.34","","","35.76","","","","","","","",""
"Active mobile-broadband subscriptions per 100 inhabitants","Liechtenstein","","","","","","","","","","","","","","","","75.87","","","86.82","","","96.79","","","110.15","","","119.51","","","126.22","","","129.96","","","125.59","",""
"Active mobile-broadband subscriptions per 100 inhabitants","Lithuania","","","","3.61","","","5.05","","","8.91","","","31.17","","","36.93","","","48.28","","","59.29","","","69.19","","","79.42","","","82.43","","","98.55","","","109.13","",""
"Active mobile-broadband subscriptions per 100 inhabitants","Luxembourg","","","","","","","","","","49.95","","","66.24","","","75.95","","","78.74","","","84.76","","","84.17","","","83.21","","","86.84","","","101.56","","","121.76","",""
"Active mobile-broadband subscriptions per 100 inhabitants","Macao, China","9.11","","","44.59","","","115.77","","","154.21","","","218.03","","","285.00","","","297.63","","","314.21","","","314.91","","","321.45","","","328.79","","","345.32","","","","",""
"Active mobile-broadband subscriptions per 100 inhabitants","Madagascar","","","","","","","","","","0.05","","","0.05","","","0.32","","","3.07","","","6.09","","","9.76","","","8.12","","","12.97","","","15.60","","","","",""
"Active mobile-broadband subscriptions per 100 inhabitants","Malawi","","","","","","","0.00","","","0.60","","","3.17","","","4.24","","","6.26","","","11.21","","","16.73","","","19.15","","","26.86","","","27.21","","","31.85","",""
"Active mobile-broadband subscriptions per 100 inhabitants","Malaysia","0.36","","","1.42","","","3.89","","","9.14","","","11.04","","","11.88","","","59.00","","","58.97","","","91.70","","","92.99","","","113.35","","","116.70","","","126.55","",""
"Active mobile-broadband subscriptions per 100 inhabitants","Maldives","","","","","","","","","","5.74","","","14.64","","","21.53","","","21.67","","","39.56","","","50.08","","","55.72","","","55.78","","","55.71","","","50.63","",""
"Active mobile-broadband subscriptions per 100 inhabitants","Mali","","","","","","","","","","0.42","","","0.27","","","0.67","","","1.71","","","10.52","","","17.57","","","22.79","","","30.66","","","30.28","","","35.07","",""
"Active mobile-broadband subscriptions per 100 inhabitants","Malta","","","","11.20","","","17.07","","","19.86","","","32.65","","","34.81","","","57.20","","","56.61","","","62.30","","","74.78","","","84.41","","","84.84","","","87.23","",""
"Active mobile-broadband subscriptions per 100 inhabitants","Marshall Islands","","","","","","","0.00","","","0.00","","","0.00","","","0.00","","","0.00","","","0.00","","","0.00","","","0.00","","","0.00","","","","","","","",""
"Active mobile-broadband subscriptions per 100 inhabitants","Martinique","","","","","","","","","","","","","","","","","","","","","","","","","","","","","","","","","","","","","","",""
"Active mobile-broadband subscriptions per 100 inhabitants","Mauritania","","","","","","","0.38","","","0.51","","","4.83","","","3.15","","","5.45","","","14.62","","","24.10","","","34.85","","","31.53","","","52.94","","","55.53","",""
"Active mobile-broadband subscriptions per 100 inhabitants","Mauritius","3.17","","","8.46","","","14.39","","","14.22","","","12.92","","","22.53","","","28.49","","","31.53","","","36.86","","","51.57","","","71.40","","","79.02","","","87.39","",""
"Active mobile-broadband subscriptions per 100 inhabitants","Mayotte","","","","","","","","","","","","","","","","","","","","","","","","","","","","","","","","","","","","","","",""
"Active mobile-broadband subscriptions per 100 inhabitants","Mexico","","","","0.04","","","0.06","","","4.23","","","12.45","","","27.55","","","29.13","","","42.75","","","52.45","","","60.87","","","65.00","","","69.97","","","76.37","",""
"Active mobile-broadband subscriptions per 100 inhabitants","Micronesia","","","","","","","0.00","","","0.00","","","0.00","","","0.00","","","0.00","","","0.00","","","0.00","","","0.00","","","0.00","","","","","","","",""
"Active mobile-broadband subscriptions per 100 inhabitants","Moldova","","","","0.85","","","1.95","","","2.93","","","32.48","","","37.69","","","40.43","","","41.94","","","43.85","","","45.20","","","50.71","","","53.51","","","58.89","",""
"Active mobile-broadband subscriptions per 100 inhabitants","Monaco","","","","","","","","","","42.12","","","44.41","","","49.37","","","55.01","","","64.45","","","68.12","","","75.89","","","85.54","","","84.15","","","86.37","",""
"Active mobile-broadband subscriptions per 100 inhabitants","Mongolia","","","","","","","","","","7.42","","","17.50","","","18.00","","","38.79","","","56.47","","","74.11","","","79.52","","","79.79","","","83.72","","","98.12","",""
"Active mobile-broadband subscriptions per 100 inhabitants","Montenegro","","","","","","","3.21","","","8.81","","ITU estimate.","15.50","","","16.70","","ITU estimate.","22.89","","","30.71","","","57.65","","","60.10","","","66.66","","","73.16","","","80.50","",""
"Active mobile-broadband subscriptions per 100 inhabitants","Montserrat","","","","","","","","","","","","","18.30","","","20.28","","ITU estimate.","","","","","","","","","","","","","","","","","","","","",""
"Active mobile-broadband subscriptions per 100 inhabitants","Morocco","","","","0.85","","","2.21","","","4.84","","","7.90","","","9.85","","","14.65","","","26.28","","","38.48","","","45.03","","","58.54","","","59.09","","","64.92","",""
"Active mobile-broadband subscriptions per 100 inhabitants","Mozambique","","","","","","","","","","0.59","","","1.03","","","1.81","","","2.13","","","3.00","","","45.07","","","33.95","","","26.60","","","15.07","","","17.67","",""
"Active mobile-broadband subscriptions per 100 inhabitants","Myanmar","","","","0.00","","","0.00","","","0.00","","","0.02","","","0.58","","","1.06","","","15.29","","","34.46","","","56.13","","","89.91","","","92.69","","","","",""
"Active mobile-broadband subscriptions per 100 inhabitants","Namibia","","","","","","","1.26","","","14.66","","","22.53","","","29.18","","","35.28","","","35.29","","","37.02","","","68.34","","","58.81","","","68.19","","","66.22","",""
"Active mobile-broadband subscriptions per 100 inhabitants","Nauru","","","","","","","0.00","","","0.00","","","6.95","","","9.86","","","","","","","","","25.04","","","35.32","","","37.83","","","","","","","",""
"Active mobile-broadband subscriptions per 100 inhabitants","Nepal (Republic of)","","","","","","","","","","0.07","","","","","","11.12","","","13.75","","","18.21","","","27.76","","","32.46","","","55.55","","","47.52","","","","",""
"Active mobile-broadband subscriptions per 100 inhabitants","Neth. Antilles","","","","0.00","","","0.00","","","0.00","","","","","","","","","","","","","","","","","","","","","","","","","","","","",""
"Active mobile-broadband subscriptions per 100 inhabitants","Netherlands","","","","","","","","","","37.85","","","52.37","","","61.03","","","64.03","","","68.88","","","114.02","","","122.15","","","122.95","","","125.03","","","128.38","",""
"Active mobile-broadband subscriptions per 100 inhabitants","New Caledonia","","","","","","","","","","","","","2.33","","","2.30","","","","","","","","","10.80","","","","","","","","","","","","","",""
"Active mobile-broadband subscriptions per 100 inhabitants","New Zealand","","","","","","","","","","38.60","","","53.00","","","65.10","","","81.04","","","92.39","","","113.77","","","100.87","","","101.68","","","114.46","","","","",""
"Active mobile-broadband subscriptions per 100 inhabitants","Nicaragua","","","","0.12","","","0.37","","","0.67","","","0.83","","","1.01","","","1.27","","","1.37","","","7.26","","","22.89","","","29.59","","","18.67","","","17.97","",""
"Active mobile-broadband subscriptions per 100 inhabitants","Niger","","","","","","","0.00","","","0.00","","","0.00","","","","","","0.27","","","0.86","","","1.77","","","1.97","","","3.93","","","","","","","",""
"Active mobile-broadband subscriptions per 100 inhabitants","Nigeria","","","","","","","","","","0.60","","","","","","6.79","","","10.21","","","11.85","","","21.23","","","23.27","","","19.86","","","30.68","","","35.90","",""
"Active mobile-broadband subscriptions per 100 inhabitants","Niue","","","","","","","","","","0.00","","","0.00","","","0.00","","","","","","","","","","","","","","","","","","","","","","",""
"Active mobile-broadband subscriptions per 100 inhabitants","Norfolk Islands","","","","","","","","","","","","","","","","","","","","","","","","","","","","","","","","","","","","","","",""
"Active mobile-broadband subscriptions per 100 inhabitants","North Macedonia","","","","","","","","","","18.66","","","18.01","","","36.95","","","38.61","","","50.25","","","54.31","","","57.15","","","60.82","","","64.72","","","64.92","",""
"Active mobile-broadband subscriptions per 100 inhabitants","Northern Marianas","","","","","","","","","","0.00","","","0.00","","","0.00","","","","","","","","","","","","","","","","","","","","","","",""
"Active mobile-broadband subscriptions per 100 inhabitants","Norway","","","","57.89","","","68.56","","","74.43","","","76.15","","","83.73","","","86.06","","","105.45","","","94.42","","","95.46","","","97.97","","","99.18","","","101.71","",""
"Active mobile-broadband subscriptions per 100 inhabitants","Oman","0.01","","","0.94","","","14.79","","","24.14","","","33.10","","","47.06","","","68.95","","","75.98","","","83.19","","","90.35","","","93.26","","","89.39","","","109.11","",""
"Active mobile-broadband subscriptions per 100 inhabitants","Pakistan","","","","0.00","","","0.01","","","0.06","","","0.18","","","0.31","","","0.50","","","4.80","","","12.30","","","18.88","","","23.41","","","29.23","","","35.21","",""
"Active mobile-broadband subscriptions per 100 inhabitants","Palau","","","","","","","0.00","","","0.00","","","0.00","","","0.00","","","0.00","","","","","","","","","","","","","","","","","","","",""
"Active mobile-broadband subscriptions per 100 inhabitants","Palestine","","","","","","","","","","","","","","","","","","","","","","0.00","","","0.00","","","0.00","","","","","","16.27","","","19.28","",""
"Active mobile-broadband subscriptions per 100 inhabitants","Panama","","","","","","","","","","3.24","","","13.98","","","25.49","","","25.41","","","29.68","","","70.60","","","59.14","","","69.80","","","79.15","","","88.82","",""
"Active mobile-broadband subscriptions per 100 inhabitants","Papua New Guinea","","","","","","","0.00","","","0.00","","","0.00","","","","","","3.70","","","5.50","","","5.71","","","8.69","","","10.87","","","","","","","",""
"Active mobile-broadband subscriptions per 100 inhabitants","Paraguay","","","","","","","0.93","","","2.80","","","4.55","","","5.35","","","21.56","","","32.47","","","45.38","","","48.99","","","52.97","","","57.67","","","61.23","",""
"Active mobile-broadband subscriptions per 100 inhabitants","Peru","","","","","","","0.29","","","0.92","","","1.35","","","2.60","","","9.71","","","29.12","","","56.27","","","63.30","","","65.66","","","","","","","",""
"Active mobile-broadband subscriptions per 100 inhabitants","Philippines","","","","","","","1.66","","","2.31","","","","","","","","","23.79","","","27.86","","","41.45","","","54.61","","","68.44","","","","","","","",""
"Active mobile-broadband subscriptions per 100 inhabitants","Poland","","","","","","","42.51","","","49.98","","","49.66","","","58.49","","","55.02","","","86.98","","","57.66","","","123.34","","","155.01","","","171.70","","","185.78","",""
"Active mobile-broadband subscriptions per 100 inhabitants","Portugal","","","","","","","20.46","","","24.22","","","27.67","","","33.00","","","37.22","","","45.65","","","53.25","","","62.73","","","69.15","","","73.84","","","79.06","",""
"Active mobile-broadband subscriptions per 100 inhabitants","Puerto Rico","","","","","","","","","","","","","15.47","","","14.33","","","16.66","","","45.95","","","53.00","","","66.53","","","85.70","","","","","","87.15","",""
"Active mobile-broadband subscriptions per 100 inhabitants","Qatar","0.00","","","1.66","","","11.19","","","48.66","","","53.25","","","57.63","","","71.28","","","97.17","","","110.42","","","135.46","","","123.25","","","125.94","","","124.82","",""
"Active mobile-broadband subscriptions per 100 inhabitants","Romania","3.76","","","4.99","","","7.07","","","9.92","","","14.85","","","28.97","","","40.50","Provisional.","","53.66","","","68.95","","","80.12","","","82.27","","","86.23","","","87.69","",""
"Active mobile-broadband subscriptions per 100 inhabitants","Russian Federation","","","","","","","","","","34.56","","","47.59","","","52.39","","","59.52","","","64.82","","","69.79","","","73.03","","","81.87","","","87.28","","","97.39","",""
"Active mobile-broadband subscriptions per 100 inhabitants","Rwanda","","","","","","","","","","0.02","","","1.10","","","3.47","","","6.35","","","12.14","","","28.29","","","29.54","","","35.68","","","39.01","","","42.30","",""
"Active mobile-broadband subscriptions per 100 inhabitants","Réunion","","","","","","","","","","","","","","","","","","","","","","","","","","","","","","","","","","","","","","",""
"Active mobile-broadband subscriptions per 100 inhabitants","Saint Kitts and Nevis","","","","","","","0.00","","","0.00","","","0.00","","","0.00","","","5.96","","","20.11","","","77.01","","","83.53","","","69.92","","","51.56","","","","",""
"Active mobile-broadband subscriptions per 100 inhabitants","Saint Lucia","","","","","","","0.00","","","0.00","","","0.00","","","0.00","","","22.53","","","28.24","","","34.72","","","38.31","","","44.60","","","42.51","","","","",""
"Active mobile-broadband subscriptions per 100 inhabitants","Saint Vincent and the Grenadines","","","","0.00","","","0.00","","","0.00","","","0.00","","","0.00","","","0.00","","","34.53","","","39.09","","","49.40","","","78.91","","","53.95","","","58.16","",""
"Active mobile-broadband subscriptions per 100 inhabitants","Samoa","","","","","","","0.00","","","0.00","","","0.00","","","","","","4.72","","","6.00","","","9.62","","","22.58","","","26.16","","","","","","","",""
"Active mobile-broadband subscriptions per 100 inhabitants","San Marino","","","","","","","","","","","","","10.63","","","10.90","","","10.75","","","","","","104.06","","","109.15","","","130.68","","","130.24","","","131.42","",""
"Active mobile-broadband subscriptions per 100 inhabitants","Sao Tome and Principe","","","","","","","0.00","","","0.02","","","0.02","","","1.89","","","7.18","","","12.34","","","17.95","","","25.04","","","33.80","","","33.54","","","34.34","",""
"Active mobile-broadband subscriptions per 100 inhabitants","Saudi Arabia","","","","","","","","","","25.53","","","40.11","","","54.76","","","81.63","","","94.08","","","105.26","","","73.62","","","89.58","","","111.09","","","116.88","",""
"Active mobile-broadband subscriptions per 100 inhabitants","Senegal","","","","","","","","","","0.19","","","1.53","","","3.67","","","14.46","","","24.36","","","27.12","","","26.77","","","27.68","","","42.12","","","54.25","",""
"Active mobile-broadband subscriptions per 100 inhabitants","Serbia","","","","","","","","","","15.83","","","31.23","","","44.45","","","46.37","","","57.06","","","57.28","","","57.43","","","60.66","","","66.02","","","71.27","",""
"Active mobile-broadband subscriptions per 100 inhabitants","Seychelles","0.08","","","0.24","","","1.02","","","1.56","","","4.45","","","8.16","","","9.85","","","12.54","","","18.89","","","22.29","","","74.64","","","80.52","","","91.98","",""
"Active mobile-broadband subscriptions per 100 inhabitants","Sierra Leone","","","","","","","","","","0.00","","","","","","","","","","","","11.52","","","13.41","","","20.56","","","25.83","","","12.39","","","14.75","",""
"Active mobile-broadband subscriptions per 100 inhabitants","Singapore","41.96","","","54.50","","","68.82","","","97.37","","","112.42","","","122.96","","","148.18","","","141.47","","","143.92","","","147.62","","","146.84","","","148.82","","","155.65","",""
"Active mobile-broadband subscriptions per 100 inhabitants","Slovakia","3.56","","","10.51","","","15.39","","","20.89","","","32.29","","","35.37","","","50.35","","","59.80","","","67.81","","","79.02","","","82.63","","","85.98","","","106.39","",""
"Active mobile-broadband subscriptions per 100 inhabitants","Slovenia","","","","","","","","","","24.26","","","29.04","","","36.55","","","41.97","","","44.58","","","48.06","","","61.91","","","70.15","","","77.67","","","84.07","",""
"Active mobile-broadband subscriptions per 100 inhabitants","Solomon Islands","","","","","","","0.00","","","1.55","","","3.90","","","6.44","","","7.86","","","12.68","","","11.05","","","12.45","","","17.93","","","17.50","","","19.25","",""
"Active mobile-broadband subscriptions per 100 inhabitants","Somalia","","","","","","","0.00","","","0.00","","","0.00","","","0.11","","","","","","0.82","","","1.30","","","1.97","","","2.45","","","","","","","",""
"Active mobile-broadband subscriptions per 100 inhabitants","South Africa","","","","","","","","","","16.99","","","19.23","","","24.98","","","57.54","","","45.50","","","57.43","","","60.61","","","69.61","","","77.49","","","102.22","",""
"Active mobile-broadband subscriptions per 100 inhabitants","South Sudan","","","","","","","","","","0.00","","","0.64","","","1.07","","","1.11","","","1.42","","","1.34","","","1.29","","","4.37","","","6.00","","","5.95","",""
"Active mobile-broadband subscriptions per 100 inhabitants","Spain","","","","","","","9.87","","","23.43","","","36.73","","","52.62","","","66.84","","","77.81","","","83.63","","","89.00","","","93.52","","","98.48","","","102.94","",""
"Active mobile-broadband subscriptions per 100 inhabitants","Sri Lanka","","","","","","","","","","1.45","","","2.38","","","7.97","","","8.05","","","13.42","","","16.30","","","41.80","","","52.29","","","65.04","","","64.92","",""
"Active mobile-broadband subscriptions per 100 inhabitants","St. Helena","","","","0.00","","","0.00","","","0.00","","","0.00","","","0.00","","","0.00","","","0.00","","","0.00","","","0.00","","","","","","","","","","",""
"Active mobile-broadband subscriptions per 100 inhabitants","St. Maarten","","","","","","","","","","","","","","","","0.00","","","","","","","","","","","","","","","","","","","","","","",""
"Active mobile-broadband subscriptions per 100 inhabitants","St. Pierre & Miquelon","","","","","","","","","","","","","","","","","","","","","","","","","","","","","","","","","","","","","","",""
"Active mobile-broadband subscriptions per 100 inhabitants","Sudan","","","","","","","","","","3.88","","","19.58","","","20.71","","","26.11","","","27.62","","","29.94","","","25.61","","","30.29","","","32.43","","","37.93","",""
"Active mobile-broadband subscriptions per 100 inhabitants","Suriname","","","","","","","0.00","","","0.00","","","0.00","","","14.78","","","12.87","","","70.44","","","65.28","","","46.74","","","46.28","","","42.09","","","91.20","",""
"Active mobile-broadband subscriptions per 100 inhabitants","Sweden","","","","65.25","","","69.89","","","83.70","","","97.09","","","104.51","","","109.59","","","115.60","","","121.20","","","123.43","","","122.59","","","126.94","","","128.78","",""
"Active mobile-broadband subscriptions per 100 inhabitants","Switzerland","","","","","","","25.01","","","30.14","","","34.72","","","39.49","","","64.82","","","86.31","","","101.24","","","100.81","","","99.06","","","99.37","","","100.39","",""
"Active mobile-broadband subscriptions per 100 inhabitants","Syrian Arab Republic","","","","","","","0.19","","","0.48","","","0.95","","","1.78","","","3.33","","","9.95","","","13.04","","","13.55","","","13.39","","","16.50","","","11.50","",""
"Active mobile-broadband subscriptions per 100 inhabitants","Taiwan, Province of China","5.35","","","9.43","","","14.98","","","36.87","","","42.67","","","46.01","","","56.85","","","66.40","","","79.37","","","90.27","","","99.70","","","110.96","","","115.54","",""
"Active mobile-broadband subscriptions per 100 inhabitants","Tajikistan","","","","","","","","","","","","","","","","","","","6.20","","","9.69","","","12.30","","","18.45","","","22.83","","","","","","","",""
"Active mobile-broadband subscriptions per 100 inhabitants","Tanzania","","","","0.56","","","0.87","","","1.04","","","1.25","","","2.32","","","2.74","","","3.09","","","9.13","","","9.36","","","9.08","","","9.10","","","9.79","",""
"Active mobile-broadband subscriptions per 100 inhabitants","Thailand","","","","","","","0.00","","","0.00","","","1.04","","","10.69","","","51.42","","","78.45","","","86.86","","","92.76","","","79.73","","","83.62","","","86.68","",""
"Active mobile-broadband subscriptions per 100 inhabitants","Timor-Leste","","","","","","","0.00","","","0.00","","","0.40","","","","","","","","","30.66","","","36.78","","","63.22","","","35.05","","","31.61","","","31.00","",""
"Active mobile-broadband subscriptions per 100 inhabitants","Togo","","","","0.00","","","0.00","","","0.03","","","0.47","","","1.27","","","1.44","","","2.95","","","5.90","","","19.14","","","26.19","","","32.00","","","41.10","",""
"Active mobile-broadband subscriptions per 100 inhabitants","Tokelau","","","","","","","0.00","","","0.00","","","0.00","","","0.00","","","","","","","","","","","","","","","","","","","","","","",""
"Active mobile-broadband subscriptions per 100 inhabitants","Tonga","","","","","","","0.00","","","0.00","","","0.10","","","","","","8.06","","","20.19","","","52.81","","","59.33","","","62.75","","","65.14","","","59.43","",""
"Active mobile-broadband subscriptions per 100 inhabitants","Trinidad and Tobago","","","","0.00","","","0.00","","","0.51","","","1.16","","","7.09","","","18.70","","","27.94","","","32.38","","","46.30","","","47.53","","","42.64","","","48.92","",""
"Active mobile-broadband subscriptions per 100 inhabitants","Tunisia","","","","","","","","","","0.87","","","9.50","","","14.71","","","31.01","","","47.30","","","62.18","","","63.23","","","65.58","","","76.08","","","77.79","",""
"Active mobile-broadband subscriptions per 100 inhabitants","Turkey","","","","","","","3.45","","","9.98","","","20.03","","","26.42","","","31.84","","","41.90","","","49.75","","","64.81","","","70.20","","","74.20","","","74.80","",""
"Active mobile-broadband subscriptions per 100 inhabitants","Turkmenistan","","","","","","","0.00","","","0.00","","","0.00","","","0.00","","","","","","10.55","","","10.78","","","13.62","","","15.30","","","","","","","",""
"Active mobile-broadband subscriptions per 100 inhabitants","Turks & Caicos Is.","","","","","","","","","","0.00","","","","","","","","","","","","0.00","","","","","","","","","","","","","","","","",""
"Active mobile-broadband subscriptions per 100 inhabitants","Tuvalu","","","","","","","0.00","","","0.00","","","0.00","","","0.00","","","0.00","","","0.00","","","0.00","","","0.00","","","0.00","","","","","","","",""
"Active mobile-broadband subscriptions per 100 inhabitants","Uganda","","","","","","","1.23","","","1.67","","","2.92","","","7.79","","","10.16","","","15.43","","","19.23","","","20.63","","","24.36","","","33.61","","","","",""
"Active mobile-broadband subscriptions per 100 inhabitants","Ukraine","","","","","","","","","","4.15","","","4.39","","","5.45","","","6.29","","","7.56","","","7.98","","","22.66","","","40.99","","","47.16","","","","",""
"Active mobile-broadband subscriptions per 100 inhabitants","United Arab Emirates","","","","","","","","","","13.18","","","19.15","","","45.13","","","90.48","","","92.25","","","135.34","","","163.28","","","241.20","","","250.04","","","239.89","",""
"Active mobile-broadband subscriptions per 100 inhabitants","United Kingdom","","","","","","","36.29","","","42.22","","","61.10","","","74.94","","","84.71","","","86.17","","","84.83","","","82.63","","","87.26","","","98.54","","","103.39","",""
"Active mobile-broadband subscriptions per 100 inhabitants","United States","","","","8.74","","","40.39","","","60.68","","","77.85","","","90.10","","","99.13","","","103.99","","","117.02","","","126.67","","","132.72","","","144.42","","","152.17","",""
"Active mobile-broadband subscriptions per 100 inhabitants","Uruguay","","","","","","","3.28","","","13.49","","","21.55","","","32.09","","","45.78","","","60.92","","","78.12","","","102.47","","","97.80","","","99.03","","","97.61","",""
"Active mobile-broadband subscriptions per 100 inhabitants","Uzbekistan","","","","","","","6.95","","","14.44","","","17.60","","","19.71","","","21.45","","","24.08","","","42.26","","","53.48","","","59.32","","","62.36","","","66.49","",""
"Active mobile-broadband subscriptions per 100 inhabitants","Vanuatu","","","","","","","0.00","","","0.00","","","6.39","","","7.37","","","11.90","","","25.67","","","18.44","","","21.56","","","43.96","","","65.07","","","237.07","",""
"Active mobile-broadband subscriptions per 100 inhabitants","Vatican","","","","","","","","","","","","","","","","","","","","","","","","","","","","","","","","","","","","","","",""
"Active mobile-broadband subscriptions per 100 inhabitants","Venezuela","0.00","","","","","","","","","21.88","","","33.89","","","43.20","","","41.71","","","45.15","","","44.71","","","53.43","","","53.45","","","54.53","","","54.35","",""
"Active mobile-broadband subscriptions per 100 inhabitants","Viet Nam","","","","","","","","","","7.99","","","14.40","","","17.07","","","18.97","","","31.33","","","38.61","","","46.90","","","47.41","","","71.89","","","72.46","",""
"Active mobile-broadband subscriptions per 100 inhabitants","Virgin Islands (US)","","","","","","","","","","","","","","","","","","","","","","","","","","","","","","","","","","","","","","",""
"Active mobile-broadband subscriptions per 100 inhabitants","Wallis and Futuna","","","","","","","","","","","","","","","","","","","","","","0.00","","","","","","","","","","","","","","","","",""
"Active mobile-broadband subscriptions per 100 inhabitants","Yemen","","","","","","","0.00","","","0.00","","","0.09","","","0.20","","","3.18","","","4.64","","","5.64","","","5.81","","","5.99","","","","","","","",""
"Active mobile-broadband subscriptions per 100 inhabitants","Zambia","","","","","","","0.00","","","0.25","","","0.18","","","0.56","","","0.66","","","8.54","","","13.48","","","31.51","","","45.83","","","56.63","","","51.07","",""
"Active mobile-broadband subscriptions per 100 inhabitants","Zimbabwe","","","","","","","0.16","","","4.80","","","14.74","","","29.43","","","40.06","","","42.15","","","42.51","","","47.92","","","47.93","","","51.67","","","51.69","",""
